2f61732f070933625f365a6643510b4d55715a55693747490b0b0b7354445f783673446a34446f58554e33343031414c6666447a512e66746578	/Assets/tpp/common_source/flat/Pictures/cm_flat_white.ftex
2f61732f0709442d66750b664f510b4e6a536b7a447962300b0b0b677050766c46744e62654e63333834345447097a717049094c6c66495456387942490b662e66746578	/Assets/tpp/common_source/ui/common_texture/cm_ui_hud_scale_blr.ftex
2f61732f07094d37436c6e456b510b4f70374e62637358450b0b0b6f496b545152576e4c2d7a33687a634e5647394b0b4d5961684731316a6d33726a0936386d565a6c412e66746578	/Assets/tpp/ui/ModelAsset/gz_title/Pictures/UI_gz_title_logo_blr_alp.ftex
2f61732f070955627762713036510b4e784d4e4c522d7a6f0b0b0b31505f5a32560943085708347049763748385309304a783456712e66746578	/Assets/tpp/ui/texture/CategoryIcon/mb_msm_icon_cat_a.ftex
2f61732f070972695f7a5a6d35510b4f3356567a4d7a64590b0b0b356c3042306d6b684142656e764e64530771382e66746578	/Assets/tpp/ui/texture/Prestory/sys_prestory_4.ftex
2f61732f072d0b644350674668510b507a53365844464e590b0b0b535f5434783170736b4155596a6363704238662d6a336b564e49576763092e66746578	/Assets/tpp/ui/texture/ActionIcon/hud_acticon_icon_02_alp.ftex
2f61732f072d4768580b786830510b4e65454f737871096b0b0b0b3872417131744e4342335f456837535a7a334d3770307553576b450b37356a6c4b6b522e66746578	/Assets/tpp/common_source/ui/common_texture/cm_ui_icon_map_blr.ftex
2f61732f072d5336454e4c7571510b4e32767674326a096f0b0b0b6d3936767934684a6b34675a6341734d696271316276705767647168496a576a465732744e596b4b2e66746578	/Assets/tpp/ui/ModelAsset/demo_terop/Pictures/terop_25th_02_alp_clp.ftex
2f61732f072d59306348712d4f510b4f0b384c674c4468590b0b0b494d387a596b54775669616d48497509785949536475692d3239495a6e6a6a2e66746578	/Assets/tpp/ui/ModelAsset/mb_map/Pictures/mb_map_msk_eff_2.ftex
2f61732f0730424d37454d344d510b4f64314a4f547a30300b0b0b2d684a6d37736a78347a55367861660b364571355f2d30435f3049374774344308095542092e66746578	/Assets/tpp/ui/ModelAsset/gz_title/Pictures/UI_gz_title_logo_alp.ftex
2f61732f073057516b69545762510b4e70354e6e537a490b0b0b0b465a5636545075086f614b4a624678726c753331446f0b52757844614e4b6e314e67423755652d33365949556e2e66746578	/Assets/tpp/common_source/ui/common_texture/cm_ui_msk_circle_blk_256_clp.ftex
2f61732f07305f7933746b534e510b4e6a347a67444d2d590b0b0b593261765a51684d3444763833716807326350575a64756377503459696e53502e66746578	/Assets/tpp/ui/ModelAsset/mb_map/Pictures/mb_map_effect_alp.ftex
2f61732f0730746b7977725f57510b4d0b090b76687931340b0b0b6559340b575f6b4b4b655a55716b650b376978514836725751634f615765696953354d34304c084b4f31392e66746578	/Assets/tpp/ui/ModelAsset/mb_common/Pictures/mb_map_title_fnt_mask_alp.ftex
2f61732f0731506f376b545946510b4f32724c0b4d6d366f0b0b0b0942682d354a306a32566f44356c6157325947683068387a6c697967634153490b722e66746578	/Assets/tpp/ui/ModelAsset/sys_endcredit/Pictures/sys_end_logo.ftex
2f61732f07316852334f4d494a510b4d6e636f66696247550b0b0b70445a6f55346f563775624e69695234786f50093465714c485872592d6f077a4d434e3076642e66746578	/Assets/tpp/ui/ModelAsset/hud_bino/Pictures/hud_bino_eff_rens_alp.ftex
2f61732f073172706555335450510b4f426f4e6c346537510b0b0b4868514d35584b7a48364579436c306f48374f702d6250517963797031664c78522e66746578	/Assets/tpp/ui/ModelAsset/sys_logo/Pictures/kjp_logo_clp_nmp.ftex
2f61732f073246493471395754510b4e32354f51592d36550b0b0b79084e476a504555693207626e53774e6a6c6f6c0b4936590b32716a6334586c424d652e66746578	/Assets/tpp/ui/ModelAsset/hud_bino/Pictures/UI_fps_reticle_alp.ftex
2f61732f073335673762664d0b510b4e75316e305a6f780b0b0b0b6666414d5753474836626a6a736d4b77313737556f382e66746578	/Assets/tpp/ui/texture/Logo/sys_quiz_logo_blr_clp.ftex
2f61732f0733596a4942594964510b4e38576f57346a38300b0b0b5259567a5062334f72096b4d39683633735761382e66746578	/Assets/tpp/ui/texture/Logo/sys_quiz_logo_ttl_2.ftex
2f61732f073368685771506e42510b4e4a4a783766334e0b0b0b0b56577a5448366d444b417609466b55336845436576096b4a584a344b6763427859686245304e45312e66746578	/Assets/tpp/common_source/ui/common_texture/cm_ui_hud_scale_blr_alp.ftex
2f61732f073378737a5533656d510b4e456f73554f7a714d0b0b0b576974636a7551505a4944697674485566776835323151094c654d6d394b7530530b384b716162075154082e66746578	/Assets/tpp/ui/ModelAsset/hud_bino/Pictures/hud_vehicle_base_frame_alp.ftex
2f61732f07340b4f65366c3078510b4e7062304d545436510b0b0b6b6f364455626c4c63776169316b4a67394c4954667a393769775a33435257566d764c4e6b32722e66746578	/Assets/tpp/common_source/ui/common_texture/cm_ui_icon_state_b_alp.ftex
2f61732f073430367071564c74510b4d34335f3673426f730b0b0b47716b346372754a0875524161494c4446584664744537392d5467526d4b4945524b460b6147536e2e66746578	/Assets/tpp/common_source/ui/common_texture/cm_ui_icon_map_mrkr_alp.ftex
2f61732f073443743251762d79510b4f55395174515533510b0b0b684c794b6c5a6c4543715a6530550b556948614f76420941334c07584137726c643346434f36572e66746578	/Assets/tpp/ui/ModelAsset/cmn_loadmark/Pictures/cmn_loadmark_eff_1.ftex
2f61732f073539760b355a6269510b505f726c75595630550b0b0b6e0855536c694f79302d764d42564a446d2d076f67646f523642467a2d4e346b486d5062737a64336e2e66746578	/Assets/tpp/ui/ModelAsset/sys_endcredit/Pictures/sys_end_lyric_2_alp.ftex
2f61732f0735454745486e304d510b50685f7443366b59450b0b0b57354e647748096e4d574659393737367a726a2e66746578	/Assets/tpp/ui/texture/Prestory/sys_prestory_6.ftex
2f61732f0735655a7a5a5f6b5a510b4f494658597a7a2d550b0b0b4d6c6d383737616b4a37476a4d5979656e72584e4c6d6148535f554d5775506a5336645f3153492e66746578	/Assets/tpp/ui/ModelAsset/mb_map/Pictures/mb_map_hightband_clp_nmp.ftex
2f61732f0735784230445f4a69510b50630b6e50385a48630b0b0b7374573209646358566a30577339336a393676344d4f6d554f384f736a36594b686d6e63443659452e66746578	/Assets/tpp/ui/ModelAsset/demo_terop/Pictures/terop_25th_01_alp_clp.ftex
2f61732f07363264620931676d510b4e6d51637836395a730b0b0b685a5f2d42073179320976544a315638507136617272636c4f39786837737149432d542e66746578	/Assets/tpp/ui/ModelAsset/hud_lmenu/Pictures/hud_lmn_frame_alp.ftex
2f61732f07374574674f32346a510b4f77345331517478590b0b0b5a71673430443062634f74616e3671376f692e66746578	/Assets/tpp/ui/texture/Logo/sys_quiz_logo_clp.ftex
2f61732f07375548676c525173510b4e6d676b5f79745a6f0b0b0b3232796636664533344a516e4f72440954652d5968074755563957734c2e66746578	/Assets/tpp/common_source/ui/common_texture/cm_noise_512.ftex
2f61732f073832325953635f6e510b4d397a64696d6e6e730b0b0b32684174700972433837704b43096e085335696c355372624d763969550968392e66746578	/Assets/tpp/common_source/ui/common_texture/cm_ui_hud_scale.ftex
2f61732f073859526268695659510b4f58623553506855770b0b0b5852597455464d39477967513242745265367a2e66746578	/Assets/tpp/ui/texture/Prestory/sys_prestory_5.ftex
2f61732f073934325a4d71487a510b4f685268735071724d0b0b0b6c6d3231310965564172794b364778476e487209077a7269542d5a6a714f495f7a790868582e66746578	/Assets/tpp/ui/ModelAsset/hud_cassette/Pictures/hud_csst_btn_alp.ftex
2f61732f074255547a44464970510b4f4a75704332682d670b0b0b675442427035596a7a54700b4663466b336e48596a4e0b6569372e66746578	/Assets/tpp/ui/texture/CategoryIcon/mb_log_icon_cat_a.ftex
2f61732f0742785765795a6278510b4d625632705a566a630b0b0b694459455a427836425f36686e48782d48707366453573566d4a545a596a6146574e6f556451672e66746578	/Assets/tpp/common_source/ui/common_texture/cm_ui_guide_drct_a_alp.ftex
2f61732f074332484e4c33374f510b505351654e544f59590b0b0b37786745516f4b7a71654936505966526d566e512d6d4b65705f456b45756c6775326e5533490746714e4f2e66746578	/Assets/tpp/ui/ModelAsset/cmn_loadmark/Pictures/cmn_loadmark_logo_mini.ftex
2f61732f0743575869096a3768510b4d510b79595a3049490b0b0b396739462d31720978527841784477366b086c72395362414d467778774e76466b2d6e7843612e66746578	/Assets/tpp/ui/ModelAsset/mb_map/Pictures/mb_map_eff_grid_alp_nmp.ftex
2f61732f07444d53492d6e3136510b4d516956446e550b450b0b0b087535627367422d334e704d5a6a72744161353632794c46774e724d6b344d4e535a08576f68495f774d464f4a2e66746578	/Assets/tpp/common_source/ui/common_texture/cm_ui_msk_circle_blk_128_clp.ftex
2f61732f0744576f696f6a354c510b4d653834434709664d0b0b0b07457758625a0b6b70580b65675f6743737952713743756a4a544676500776455151572e66746578	/Assets/tpp/ui/ModelAsset/mb_map/Pictures/mb_map_hightband_clp.ftex
2f61732f074474326133514476510b4d6c6463466d37616f0b0b0b3943703731634b774d546941494c4f475437782e66746578	/Assets/tpp/ui/texture/Prestory/sys_prestory_2.ftex
2f61732f0744763075357a5758510b4e5432504a436250380b0b0b6d435839074a6b525f4438772d566c61585671796c0b34340b714e6c6c694b725034344571775671316e0b582e66746578	/Assets/tpp/ui/ModelAsset/mb_common/Pictures/mb_cmn_title_frame_blr_alp.ftex
2f61732f074562375562797466510b4d646e665267764e490b0b0b41417a77317407337a65705a365a7259554d6f084a4c557a69596c6c7354317444335a4859086b612e66746578	/Assets/tpp/ui/ModelAsset/hud_bino/Pictures/fx_blrrip04n_iy_hnm_clp.ftex
2f61732f0745762d7a47457448510b505f0b5f576f4d49510b0b0b717030484a41393130324c3162716958790b5a656b6564776f5359784c5a545f4141787856072e66746578	/Assets/tpp/ui/ModelAsset/sys_pause/Pictures/sys_pause_disp_img_1.ftex
2f61732f074646495958696863510b505f3072666c6854340b0b0b3257624839307832666e5132647263084e5842300b4669380b3449584e6b772d415f56622e66746578	/Assets/tpp/ui/ModelAsset/sys_logo/Pictures/konami_logo_clp_nmp.ftex
2f61732f07465a4e46795a7872510b4e6464524e545142450b0b0b0b6753446c797a6835727559367936754d6f75386b4a5644586c394c43726f3963616f7642417867372e66746578	/Assets/tpp/ui/ModelAsset/sys_endcredit/Pictures/sys_end_lyric_6_alp.ftex
2f61732f07466d6e305f466157510b4d4a5245316c52670b0b0b0b5a30624a71656a4a0743090753743477087375344d53385177632e66746578	/Assets/tpp/common_source/ui/common_texture/cm_wht_64.ftex
2f61732f074751643676507046510b4d4d487272652d0b730b0b0b30075964686d70573854433932740b61636f5f724674635752726372342d56494855454335526e56683871427a39702e66746578	/Assets/tpp/ui/ModelAsset/hud_acticon/Pictures/hud_acticon_icon_hold_2_clp.ftex
2f61732f07475f786b610b584e510b507830316c7a495a770b0b0b5242653576530944580769094f615153646708686738584c7234565336335a45784556594b2e66746578	/Assets/tpp/common_source/ui/common_texture/cm_ui_icon_map_2_blr.ftex
2f61732f0747652d4e4c36502d510b5070715852367154670b0b0b76355975413565095368453867583859316d2d460b626c78526a2d6f6f45073153592d422e66746578	/Assets/tpp/common_source/ui/common_texture/cm_ui_frame_grd_alp.ftex
2f61732f07486936097735504d510b506d712d545a5747770b0b0b4b6879584a395868365a664f31477634314e687207314e6d4e544a6b49704c577369345139385255352e66746578	/Assets/tpp/ui/ModelAsset/sys_endcredit/Pictures/sys_end_lyric_4_alp.ftex
2f61732f074a47096577095374510b4d6d687733656c42630b0b0b6549354c6e786a54675a5f07744a61754867647677642d6932635a614a3242514741755a42482d2e66746578	/Assets/tpp/common_source/ui/common_texture/cm_ui_frame_effnoise_x.ftex
2f61732f074c2d344c36353855510b4f364a0b6e454f776b0b0b0b52774d0b6b724943786f776c4e4f56415857447a496b4a4c51553754464c6a4e75626f72395772522e66746578	/Assets/tpp/ui/ModelAsset/gz_title/Pictures/UI_gz_title_msn_msk_clp.ftex
2f61732f074c686d325a453456510b4d727733514a76566f0b0b0b38377175744b784b6e4a54344241634c096850394c79674a734d397538787379742e66746578	/Assets/tpp/common_source/ui/common_texture/cm_ui_effnoise_y.ftex
2f61732f074d4733503251742d510b4d68747161517479380b0b0b6d456b4138527907664e4f644252516c09094e555f3455745458707237784f58076247314146632d542e66746578	/Assets/tpp/ui/ModelAsset/sys_gameover/Pictures/sys_gameover_cls_blr.ftex
2f61732f074d5a31307345307a510b4e543938444278746f0b0b0b716a56363456636e36735908337133527a326449437148356c724432326b6a704d57646d5368782e66746578	/Assets/tpp/ui/ModelAsset/hud_reticle/Pictures/hud_rtcl_throw_coli.ftex
2f61732f074d5a7351366a5972510b4e374e3249484f75770b0b0b5867096533463053426c3550597007084b364b4b666638783075414d4e5f42360b5f497245626c7359577933732e66746578	/Assets/tpp/ui/ModelAsset/hud_acticon/Pictures/hud_acticon_icon_hold_alp.ftex
2f61732f074d76465837736342510b4f3636634f597271300b0b0b7668673779394c726d0b5f61704a78617a37383459687169684952355f645539694248672d702e66746578	/Assets/tpp/ui/ModelAsset/mb_map/Pictures/gz_mb_map_mskscreen_clp.ftex
2f61732f074d7773496e655036510b50394e09335a3465550b0b0b5a074e714a647a7479336731764609300758434f46623159525a68650b45773951672e66746578	/Assets/tpp/common_source/ui/common_texture/cm_ui_frame_c_alp.ftex
2f61732f074e3238656b477750510b4d326a796f577109770b0b0b5a695f4e353751434266356807546b0841334476586c564c374207096763315761556c4b634d594b516d540b3373082e66746578	/Assets/tpp/ui/ModelAsset/demo_terop/Pictures/terop_25th_sd_credit_alp_clp.ftex
2f61732f074e49527968596c6e510b4d43366e634a58636f0b0b0b57647262686476565a34096557093772626e76672e66746578	/Assets/tpp/ui/texture/Prestory/sys_prestory_10.ftex
2f61732f074e6e516a75724955510b504a5a374669564d300b0b0b534d7965527332714c535135746462446f4c736a685a6f073267637543532e66746578	/Assets/tpp/ui/ModelAsset/mb_map/Pictures/mb_map_line_eff.ftex
2f61732f074e773247470b6174510b4e6e755478323363450b0b0b6231526a376b4f3854490b6149557a54383308707a086a6b517a09756249415f582e66746578	/Assets/tpp/ui/ModelAsset/mb_map/Pictures/mb_map_msk_eff_clp.ftex
2f61732f074f4447573335506c510b4f3370570956736a380b0b0b51656b4773574e2d65435a4a61576845616758584a5730414c445041697a2e66746578	/Assets/tpp/common_source/ui/common_texture/cm_element_02.ftex
2f61732f074f536c4e6658374a510b4e5130746e5a6866300b0b0b4b2d63563166623737516b2d2d644d79564c6c096935742d4c5f4834370743562e66746578	/Assets/tpp/ui/ModelAsset/sys_logo/Pictures/konami_logo_clp.ftex
2f61732f075136363970306d79510b4e4565743567354a6b0b0b0b54716b734f577a7437666b6e774c09667659754f504c4361663361092d714c3858565834524d3676416f767536442e66746578	/Assets/tpp/ui/ModelAsset/hud_headmark/Pictures/hud_hdmrk_notice_icon_alp.ftex
2f61732f07514d5073746b7255510b4d494e3043650945340b0b0b627559704f65397849085641464b503575485044307856344c4744512e66746578	/Assets/tpp/ui/texture/CategoryIcon/sys_rank_icon_cat_a.ftex
2f61732f0751506b396c436276510b507409664e573449490b0b0b6e6c6b6c4c4171493547454a4f486c392d4764676508646e6f4c646934617276486a4509572e66746578	/Assets/tpp/common_source/ui/common_texture/cm_ui_icon_map_2_alp.ftex
2f61732f07515f68454f4f6773510b4d36445639675679630b0b0b777655346f673351636a58454776374959575075084173706c6e506b7a2e66746578	/Assets/tpp/ui/ModelAsset/sys_logo/Pictures/kjp_logo_clp.ftex
2f61732f07520b4d515265302d510b4e38706c364d4848770b0b0b525273550848687165737430626a61795967526558687543446d525642423539755a6f7567375f31592e66746578	/Assets/tpp/ui/ModelAsset/sys_endcredit/Pictures/sys_end_lyric_7_alp.ftex
2f61732f0752314c646a37355f510b4e436138702d3976630b0b0b5169626549474f0743776d36614b72097a64682d5a4c6268563735514139564a536d2e66746578	/Assets/tpp/common_source/ui/common_texture/cm_ui_frame_a_alp.ftex
2f61732f0752374e6950640b30510b4f76495542625039770b0b0b324b6d4e696d67415465453557594d325442383934464c5a07563451632e66746578	/Assets/tpp/ui/texture/ButtonIcon/cmn_btn_icon_a_x36_alp.ftex
2f61732f075245526b30764a71510b4d654647513077634d0b0b0b6c66324b4768776407436d50584565304e693337703030562d425a6467686b71422e66746578	/Assets/tpp/common_source/ui/common_texture/cm_ui_circle_128.ftex
2f61732f07526d38466d75774c510b4f4e324e756c6847510b0b0b582d4634076c4343383757735673616762394f656e637869666d46486443513746644175322e66746578	/Assets/tpp/ui/texture/map/gntn_building/gntn_camp_omega_out_alp.ftex
2f61732f0753495a3530725255510b4f32744d546f0b30340b0b0b78696a565271545f5968306c786433644143626655636b584d6a5646696943386d4e47556934722d2e66746578	/Assets/tpp/common_source/ui/common_texture/cmn_ui_msk_msn_logo_clp.ftex
2f61732f07535767505a0b3056510b4e4e2d5351764f6b510b0b0b44496167614c4f4978574a51354d324f62393835434c516847306a4b72672e66746578	/Assets/tpp/common_source/ui/common_texture/cm_element_01.ftex
2f61732f075409466b3564435f510b4d6973306f72775f590b0b0b5a39703243084f4f074646513609684b0b365a784f4b6d506739564a377909632e66746578	/Assets/tpp/ui/ModelAsset/hud_reticle/Pictures/hud_rtcl_alp.ftex
2f61732f07546744654a0b586e510b50735f75616c535a510b0b0b315762475451796568566b6839476b79304d570730554a765855464b3437693951485751090b70556a2e66746578	/Assets/tpp/ui/ModelAsset/sys_select_lang/Pictures/sys_slct_lang_txt.ftex
2f61732f07550b6c6a55594f6b510b4d6877484d474a58630b0b0b78624d094f2d6b4f366d47777169466c6c78446b327636376c4749627038435476666d2e66746578	/Assets/tpp/ui/ModelAsset/hud_bino/Pictures/hud_rtcl_fps_1_dot.ftex
2f61732f075630694c58663565510b4d5932352d727a70380b0b0b4e675576510b4f366c47773276354b3170414439316873673270584c54747272645a4e2e66746578	/Assets/tpp/common_source/ui/common_texture/cm_mblogo_mini_clp.ftex
2f61732f075757567044486751510b5056794f3073484f380b0b0b53756d6e07527245316e3648524871456b5a5a0b6f2d6679325f4f62744a2d472d362e66746578	/Assets/tpp/common_source/ui/common_texture/cm_mblogo_blr_clp.ftex
2f61732f0757645f516562526d510b5051346b494a336f0b0b0b0b747842325a706a07686549494f324953727a43316e4d796d794366695f4f2e66746578	/Assets/tpp/common_source/ui/common_texture/cm_mblogo_clp.ftex
2f61732f075832636433646678510b4f61475047777257380b0b0b33444659476646776f4a6d3762396473546a652e66746578	/Assets/tpp/ui/texture/Prestory/sys_prestory_9.ftex
2f61732f075834464f5f394747510b4e3862465554790b730b0b0b363949674131646f476b4a5156414a394c6c514e08454c51685475495432535031795a69312e66746578	/Assets/tpp/ui/ModelAsset/sys_gameover/Pictures/sys_gameover_cls.ftex
2f61732f0758512d7267517969510b4e0b55444d5f4c6d380b0b0b4e486d75384932417469566c727471457530785a2e66746578	/Assets/tpp/ui/texture/Prestory/sys_prestory_11.ftex
2f61732f07586a3649786e7664510b4d50705345733037590b0b0b4b4a3655474765374a3438575365444b4667356b654f7547076a47594c5148316f5137305152785a572e66746578	/Assets/tpp/ui/ModelAsset/sys_endcredit/Pictures/sys_end_lyric_3_alp.ftex
2f61732f075a48625772653909510b4d5148794f57755f770b0b0b73337450094a455a6c4e69304246346d076d542e66746578	/Assets/tpp/ui/texture/Prestory/sys_prestory_8.ftex
2f61732f075a55686c6f524656510b4e095146424e4c74450b0b0b6f3675096d786c356409095733374650664f30764534316e706430636c3550476b2e66746578	/Assets/tpp/ui/ModelAsset/sys_logo/Pictures/fox_logo_clp_nmp.ftex
2f61732f075a6770313039642d510b5030576279500979670b0b0b415764655a49596a336b34336a765334364c5776563775687858625f766b4e4678424f7462642e66746578	/Assets/tpp/ui/ModelAsset/sys_pause/Pictures/sys_pause_disp_img_2.ftex
2f61732f075f426a6575355779510b4e57423079713532550b0b0b6867464368636d5a7a6d2d6b675163520907625351707144475a332d5f07467032442e66746578	/Assets/tpp/common_source/ui/common_texture/cm_ui_gauge_a_alp.ftex
2f61732f075f484d6947573552510b4e5f755849364f6b6f0b0b0b68786c4e6f47664a35466b7856096d7a6e574c695f42760b5734634a09576c3534552e66746578	/Assets/tpp/common_source/ui/common_texture/cm_ui_frame_small.ftex
2f61732f075f7158777354586d510b50326a3162757a33490b0b0b41544344086835706c6d094e0854457a6f6a715a4670504758356374715a074f4b434e414361767732616c792d51552e66746578	/Assets/tpp/ui/ModelAsset/hud_acticon/Pictures/hud_acticon_icon_hold_2_alp.ftex
2f61732f076149304e636d0937510b5058650b356b3348450b0b0b77796f50576c334d6c4a384a535f6353703144544a6c7908365f450862705632505f2e66746578	/Assets/tpp/ui/ModelAsset/hud_reticle/Pictures/hud_rtcl_2_alp.ftex
2f61732f07615079316a6d4c66510b503157754550440b4d0b0b0b6e5932724b4b395667693174634c504a4d6b795f5f7669077570574a4b4b51382e66746578	/Assets/tpp/ui/ModelAsset/hud_reticle/Pictures/hud_rtcl_blr.ftex
2f61732f0761714f546367624c510b506a6a7271096149770b0b0b4c394d742d48307237774a4c386a07614a575133444a35756e5f78472d416b6c64586d632e66746578	/Assets/tpp/ui/ModelAsset/sys_quiz/Pictures/sys_quiz_deco_a_alp.ftex
2f61732f0762363845615a504f510b5061356c4e0979376b0b0b0b4e64554c4644566576375a6c365f505332090765744e07384a62487051456f37705a7761614f576e764334532e66746578	/Assets/tpp/ui/ModelAsset/cmn_loadmark/Pictures/cmn_loadmark_icon_a_alp.ftex
2f61732f076259307158393965510b4d574e36367652376f0b0b0b556c4230497970534b695151554b69484d774f2e66746578	/Assets/tpp/ui/texture/Prestory/sys_prestory_1.ftex
2f61732f07634368302d524934510b50716b6d0b46544f630b0b0b70466d0b70724e3955097a704b64705858787a696730496609557354554e68435f2e66746578	/Assets/tpp/ui/ModelAsset/mb_cassette/Pictures/mb_cct_deco_a.ftex
2f61732f07634d5638724f3373510b4d51664745485365490b0b0b312d4675724e2d4c42513649396334704d7431766c505f706c2d72720b2d753354432e66746578	/Assets/tpp/ui/ModelAsset/mb_map/Pictures/mb_map_effect_2_alp.ftex
2f61732f07634e5f46716d5861510b4d5766776a6f3642490b0b0b4f4776447a3779776138544d594e07384f483671525545784177374a0b6944333767074d4b627276672e66746578	/Assets/tpp/common_source/ui/common_texture/cm_ui_msk_circle_128_clp.ftex
2f61732f0763503645496b6f67510b4d6e433143546777670b0b0b0b583470666b574455666b09773646663152465a39536964376509347972384866487237732e66746578	/Assets/tpp/ui/ModelAsset/hud_lmenu/Pictures/hud_lmn_frame_b_alp.ftex
2f61732f07644f5130665f6f09510b50496f3038303662770b0b0b424b35666651474678086c497a3679087a4a762e66746578	/Assets/tpp/ui/texture/Logo/sys_quiz_logo_ture.ftex
2f61732f0764524f6e79794a66510b4d484c4375503345730b0b0b70636162756d52384242347751695876536368715442464d634d5a426f4842467841382e66746578	/Assets/tpp/common_source/ui/common_texture/cm_ui_icon_map_alp.ftex
2f61732f0767664456306d5931510b50666a584645674c380b0b0b705333586a6579734138764b764964304e7165374f76685442354a336e3972566d6a77304a5758786e562e66746578	/Assets/tpp/common_source/ui/common_texture/cm_ui_icon_map_circle_nmp.ftex
2f61732f076931647934796f09510b4e466b486b454530550b0b0b546a417a4b4f4e735f6745080931784a465f5f4c07556f0767436f6a0b374e642d6b5974636a522e66746578	/Assets/tpp/ui/ModelAsset/mb_map/Pictures/mb_map_line_eff_mask_clp.ftex
2f61732f07694a593272510939510b4d667877096f4743590b0b0b3170564b7a4159535a6931365f4e390b51744c3155070909382d08460761724a0b57383669624e2e66746578	/Assets/tpp/ui/ModelAsset/hud_headmark/Pictures/hud_hdmrk_icon_alp.ftex
2f61732f076967744d50555f44510b4d455a525463654a4d0b0b0b645a756475426c46546b424634476831454f6b320979444e5139716156476171796d5a2e66746578	/Assets/tpp/ui/ModelAsset/hud_bino/Pictures/hud_msk_fps_c4_clp.ftex
2f61732f076b67585572476c6f510b4d67325444527a0b510b0b0b55654a4f4574344c4d637839484a35584e6155382e66746578	/Assets/tpp/ui/texture/Logo/sys_quiz_logo_ttl_1.ftex
2f61732f076b71382d59323842510b4d374a52646974464d0b0b0b524856456c2d7370074b764c63736e71457a4f63454e527543684c380b313650522e66746578	/Assets/tpp/ui/ModelAsset/mb_photo/Pictures/ui_mb_photo_mask.ftex
2f61732f076b77586e4f684357510b504f6f46484a497a4d0b0b0b507a7757093575744f63457442367077576b46564739344d4652095079574837344269792e66746578	/Assets/tpp/ui/ModelAsset/mb_map/Pictures/mb_map_line_eff_small.ftex
2f61732f076c513748324a4572510b4e434267312d5463590b0b0b35353258662d6479656b4f3430627747386a66545636334f414f59550876717a450769676a3071392e66746578	/Assets/tpp/ui/ModelAsset/demo_terop/Pictures/terop_25th_03_alp_clp.ftex
2f61732f076c6d5a5365703246510b4d6d444d546d516e6f0b0b0b33355248364a4f65476837577a3266425658517941347a0b385a07766b32432e66746578	/Assets/tpp/ui/ModelAsset/mb_map/Pictures/mb_map_msnarea_1.ftex
2f61732f076d656a36486f6653510b4d7a5a4a524a686a630b0b0b626a7364666f35334353584f425f4b6e2e66746578	/Assets/tpp/ui/texture/map/gntn_big_alp_clp.ftex
2f61732f076f5a37536d68326c510b504578424c356370510b0b0b58485a38354d48574a3945336635645f456950716c52654c486e696c6262476e612e66746578	/Assets/tpp/ui/ModelAsset/hud_bino/Pictures/UI_fps_reticle_1.ftex
2f61732f07705245766b695767510b4d4d7a6f315647470b0b0b0b73536230584f4d4b7244364f70794b67776c3465336e70686e53357549515009505947782e66746578	/Assets/tpp/common_source/ui/common_texture/cm_ui_bar_graph_clp.ftex
2f61732f077056485254463563510b4d6d61745f754a6e6b0b0b0b796336756856456b6643374456794a56444a4658697a4f58303963464c655a46532e66746578	/Assets/tpp/common_source/ui/common_texture/cm_ui_sys_deco_a.ftex
2f61732f0771515677595f6263510b4f4f66586f5f7830550b0b0b6e33444d6f59467769656b5a47686e792d53700b414b5678386e5458754d2d094c6a2e66746578	/Assets/tpp/common_source/ui/common_texture/cm_ui_frame_d_alp.ftex
2f61732f077153426478536e5f510b506c494d53346b36450b0b0b785a52543779093237444f376346554e6366337353434f48664a45070b0b6a6969312e66746578	/Assets/tpp/ui/ModelAsset/hud_reticle/Pictures/hud_rtcl_2_blr.ftex
2f61732f07716d4d514c730b34510b5072705156546345300b0b0b724645564574574b0b5a395f373674715458394f48484a464b6a4d0b4c365f09725564354150592e66746578	/Assets/tpp/ui/ModelAsset/mb_photo/Pictures/ui_mb_photo_icon_a_alp.ftex
2f61732f0772342d4f0b655a79510b4e694a340b6e4d33300b0b0b623953634e4a485961584150624a7830630958555a456a083339464d622e66746578	/Assets/tpp/common_source/ui/common_texture/cm_noise_256.ftex
2f61732f077445337073546e39510b4e306a7165753868770b0b0b7378337548474b614b4a746d73537936526e412d4d674a755f59325450787a35463908703172317a2e66746578	/Assets/tpp/ui/ModelAsset/sys_endcredit/Pictures/sys_end_logo_wwise.ftex
2f61732f077457705467434844510b507261517136647a300b0b0b4d44690771506f325174506a6f5a66642d7a657a2d746a69432d55496b487541496b532e66746578	/Assets/tpp/ui/ModelAsset/mb_menu/Pictures/mb_topmenu_icon_blr.ftex
2f61732f0774714d786e675a37510b4d3767095a756e6e340b0b0b324c692d4c546b782d337a3870706a626d6975527573424d75445056096a427774777a5f537007524a2e66746578	/Assets/tpp/ui/ModelAsset/sys_endcredit/Pictures/sys_end_lyric_1_alp.ftex
2f61732f077473563532533748510b4e5f6b4e77093335380b0b0b367864394875507209584e360b0879345a080b34424e783463610768656378464567634e5a33734d7a2e66746578	/Assets/tpp/ui/ModelAsset/sys_endcredit/Pictures/sys_end_lyric_5_alp.ftex
2f61732f077632617742327757510b503256685f444946300b0b0b77776755777a740b50755f314978567148483263336842544b6948454a45494e7a4b422e66746578	/Assets/tpp/ui/ModelAsset/mb_menu/Pictures/mb_topmenu_icon_alp.ftex
2f61732f0776396c44722d3756510b4e45504a5632626c6f0b0b0b4159454365395569456f7208710b4b7a384a6d456f44386d5f4866775f45567566557659664f5458502e66746578	/Assets/tpp/ui/ModelAsset/hud_damage/Pictures/hud_ntc_angl_inout_alp.ftex
2f61732f07764a686162474850510b4d4d396451444457300b0b0b34444f576e476465504d656d666e7935573061785f5f6e364a553157084d39713567417a4d0746622e66746578	/Assets/tpp/ui/ModelAsset/mb_common/Pictures/mb_cmn_title_frame_alp.ftex
2f61732f07767561676579570b510b4f55323352616375770b0b0b546c42676a59386b37554a6e5a32547245787a2e66746578	/Assets/tpp/ui/texture/Prestory/sys_prestory_3.ftex
2f61732f07770b5879396f5655510b4d4970544f554c4a670b0b0b745057446d323258386b44394c6646744f78314230504946454e4b4b55724f4d472e66746578	/Assets/tpp/ui/ModelAsset/mb_map/Pictures/mb_map_mskbase_clp.ftex
2f61732f077738464f48757a75510b4e30615f6531675a510b0b0b6e52744a734c6d7273724c5030676c3807516f545337310b496d556f5145745a7542574f460969352e66746578	/Assets/tpp/common_source/ui/common_texture/cm_ui_grd_circle_smooth.ftex
2f61732f0777774643376c7671510b505839096251727a630b0b0b3707747a746c624645715149634f46485656785f5545086c3447770b36394a444b65644b524f2e66746578	/Assets/tpp/common_source/ui/common_texture/cm_ui_icon_map_circle.ftex
2f61732f077830735831343333510b504c5f7742436758730b0b0b7738307a705433633131564167754c6f516344076a4b66572d640838477974644454432e66746578	/Assets/tpp/ui/ModelAsset/hud_damage/Pictures/hud_dmg_angl_alp.ftex
2f61732f077869327871345965510b4f487a350b6c5776510b0b0b6847324164655a36716d5a3708647061377a082e66746578	/Assets/tpp/ui/texture/Prestory/sys_prestory_7.ftex
2f61732f07787075717150714a510b50774a4c48665652630b0b0b6d7309794a4e587a4c704e57746e6c0b334339453958320b6e76744f526d62697a73424d2e66746578	/Assets/tpp/ui/ModelAsset/mb_menu/Pictures/mb_topmenu_frame_alp.ftex
2f61732f0779493830486a3668510b4f6c686477636a4d590b0b0b770b66506b5737684577325848684232746a6f36517854524f5f2d37345f500b6a44624d754239485a5457697a486f54462e66746578	/Assets/tpp/ui/ModelAsset/hud_damage/Pictures/hud_angl_ns_wave_128_low_inout.ftex
2f61732f0779566c5f31444437510b4d736647475a5264450b0b0b4c446955517075596c477630614b4b57596f454c2e66746578	/Assets/tpp/ui/texture/Logo/sys_quiz_logo_false.ftex
2f61732f07796a78492d324931510b5059422d4267094d380b0b0b67704c724e6c787543546131387908496972726b4d447455324541074875495a65496a35096f34476a482e66746578	/Assets/tpp/ui/ModelAsset/mb_map/Pictures/mb_map_mskscreen_half_r_clp.ftex
2f61732f077a5f4c3159626269510b50467a526778494a770b0b0b6a42447373524a5234575448486a4f6d0b39753561630935766259555a33346e0866362e66746578	/Assets/tpp/ui/ModelAsset/mb_map/Pictures/mb_map_line_eff_body.ftex
2f61732f077a692d6d45450b71510b4d623379554e3668300b0b0b7855626e4d6b38423741524a325f434341495649756565494c756e6e6e726a7650786c5f2e66746578	/Assets/tpp/common_source/ui/common_texture/cm_ui_hud_scale_alp.ftex
2f61732f077a79526f66555f61510b4e4e59666c526f6f770b0b0b676b6b766271083232596d0b68695070666b4636473777766a5f6778494659765a5144552e66746578	/Assets/tpp/ui/ModelAsset/demo_terop/Pictures/ui_chara_terop_bg.ftex
